zero_index,omega_over_J,exact_ordinate_published_rounded,measured_ordinate,sigma_ordinate_published,parenthetical_as_published,residual_to_published_rounded,relative_residual_to_published_rounded,sigma_rounded_to_zero,source_table,source_pdf_page,reference_ordinate,reference_neighbor_gap,residual,absolute_residual_over_neighbor_gap,published_sigma_over_neighbor_gap
1,5,14.135,14.07,0.01,14.07(1),-0.0649999999999995,-0.0045985143261407,False,I,3,14.134725141734695,6.887314497036861,-0.06472514173469435,0.009397732855460736,0.0014519447317677032
1,8,14.135,14.06,0.02,14.06(2),-0.0749999999999992,-0.0053059780686239,False,I,3,14.134725141734695,6.887314497036861,-0.07472514173469413,0.010849677587228409,0.0029038894635354064
1,12,14.135,13.99,0.04,13.99(4),-0.1449999999999995,-0.0102582242660063,False,I,3,14.134725141734695,6.887314497036861,-0.14472514173469442,0.021013290709602374,0.005807778927070813
1,16,14.135,14.03,0.03,14.03(3),-0.1050000000000004,-0.0074283692960736,False,I,3,14.134725141734695,6.887314497036861,-0.10472514173469527,0.015205511782531683,0.00435583419530311
2,5,21.022,21.04,0.02,21.04(2),0.0180000000000006,0.0008562458376938,False,I,3,21.022039638771556,3.988817941374134,0.017960361228443134,0.004502677608358293,0.005014016757332893
2,8,21.022,21.0,0.02,21.00(2),-0.0219999999999984,-0.0010465226905146,False,I,3,21.022039638771556,3.988817941374134,-0.022039638771556014,0.005525355906307279,0.005014016757332893
2,12,21.022,20.93,0.05,20.93(5),-0.0919999999999987,-0.0043763676148795,False,I,3,21.022039638771556,3.988817941374134,-0.0920396387715563,0.023074414556972477,0.012535041893332233
2,16,21.022,20.82,0.03,20.82(3),-0.2019999999999981,-0.009608981067453,False,I,3,21.022039638771556,3.988817941374134,-0.20203963877155573,0.050651506722303244,0.007521025135999339
3,5,25.011,24.7,0.03,24.70(3),-0.3109999999999999,-0.0124345288073247,False,I,3,25.01085758014569,3.988817941374134,-0.3108575801456901,0.07793225579972214,0.007521025135999339
3,8,25.011,24.87,0.02,24.87(2),-0.1409999999999982,-0.0056375194914237,False,I,3,25.01085758014569,3.988817941374134,-0.1408575801456884,0.03531311336239213,0.005014016757332893
3,12,25.011,24.87,0.07,24.87(7),-0.1409999999999982,-0.0056375194914237,False,I,3,25.01085758014569,3.988817941374134,-0.1408575801456884,0.03531311336239213,0.01754905865066513
3,16,25.011,24.99,0.04,24.99(4),-0.0210000000000007,-0.0008396305625525,False,I,3,25.01085758014569,3.988817941374134,-0.020857580145690946,0.005229012818395412,0.010028033514665786
4,5,30.425,30.59,0.02,30.59(2),0.1649999999999991,0.0054231717337715,False,I,3,30.424876125859512,2.5101854618796766,0.16512387414048746,0.06578154349473422,0.007967538775012904
4,8,30.425,30.31,0.02,30.31(2),-0.1150000000000019,-0.0037797863599014,False,I,3,30.424876125859512,2.5101854618796766,-0.11487612585951368,0.045763999355446894,0.007967538775012904
4,12,30.425,30.29,0.03,30.29(3),-0.1350000000000015,-0.0044371405094495,False,I,3,30.424876125859512,2.5101854618796766,-0.13487612585951325,0.053731538130459625,0.011951308162519356
4,16,30.425,30.27,0.04,30.27(4),-0.1550000000000011,-0.0050944946589975,False,I,3,30.424876125859512,2.5101854618796766,-0.15487612585951283,0.06169907690547236,0.01593507755002581
5,5,32.935,32.76,0.03,32.76(3),-0.1750000000000042,-0.0053134962805527,False,I,3,32.93506158773919,2.5101854618796766,-0.17506158773919367,0.06974049941636747,0.011951308162519356
5,8,32.935,32.72,0.03,32.72(3),-0.2150000000000034,-0.0065280097161075,False,I,3,32.93506158773919,2.5101854618796766,-0.21506158773919282,0.08567557696639293,0.011951308162519356
5,12,32.935,32.57,0.08,32.57(8),-0.365000000000002,-0.0110824350994383,False,I,3,32.93506158773919,2.5101854618796766,-0.3650615877391914,0.14543211777898915,0.03187015510005162
5,16,32.935,32.29,0.23,32.29(23),-0.6450000000000031,-0.0195840291483225,False,I,3,32.93506158773919,2.5101854618796766,-0.6450615877391925,0.25697766062917027,0.09162669591264841
6,5,37.586,37.64,0.02,37.64(2),0.054000000000002,0.0014367051561752,False,I,3,37.586178158825675,3.332540853321824,0.05382184117432587,0.016150392011151822,0.00600142680323463
6,8,37.586,37.62,0.02,37.62(2),0.0339999999999989,0.0009045921353695,False,I,3,37.586178158825675,3.332540853321824,0.03382184117432274,0.010148965207916255,0.00600142680323463
6,12,37.586,37.39,0.02,37.39(2),-0.1959999999999979,-0.005214707603895,False,I,3,37.586178158825675,3.332540853321824,-0.19617815882567413,0.05886744302928105,0.00600142680323463
6,16,37.586,37.59,0.04,37.59(4),0.0040000000000048,0.0001064226041612,False,I,3,37.586178158825675,3.332540853321824,0.0038218411743287106,0.0011468250030661018,0.01200285360646926
7,5,40.919,40.95,0.02,40.95(2),0.0310000000000059,0.0007575942716099,False,I,3,40.9187190121475,2.4083542687675044,0.03128098785250444,0.012988532566893802,0.008304426080235766
7,8,40.919,40.89,0.03,40.89(3),-0.0289999999999963,-0.0007087172218284,False,I,3,40.9187190121475,2.4083542687675044,-0.028719012147497835,0.011924745673814439,0.012456639120353647
7,12,40.919,40.78,0.03,40.78(3),-0.1389999999999958,-0.0033969549597985,False,I,3,40.9187190121475,2.4083542687675044,-0.13871901214749727,0.05759908911511091,0.012456639120353647
7,16,40.919,40.7,0.04,40.70(4),-0.2189999999999941,-0.0053520369510494,False,I,3,40.9187190121475,2.4083542687675044,-0.21871901214749556,0.09081679343605327,0.016608852160471532
8,5,43.327,42.85,0.09,42.85(9),-0.4769999999999967,-0.0110093013594293,False,I,3,43.327073280915,2.4083542687675044,-0.47707328091500045,0.1980909898107087,0.03736991736106095
8,8,43.327,43.12,0.04,43.12(4),-0.2070000000000007,-0.004777621344658,False,I,3,43.327073280915,2.4083542687675044,-0.20707328091500443,0.0859812377275275,0.016608852160471532
8,12,43.327,43.23,0.04,43.23(4),-0.0970000000000013,-0.0022387887460475,False,I,3,43.327073280915,2.4083542687675044,-0.097073280915005,0.040306894286231014,0.016608852160471532
8,16,43.327,42.74,0.4,42.74(40),-0.5869999999999962,-0.0135481339580399,False,I,3,43.327073280915,2.4083542687675044,-0.5870732809149999,0.24376533325200514,0.16608852160471532
9,5,48.005,48.23,0.04,48.23(4),0.2249999999999943,0.0046870117696072,False,I,3,48.00515088116716,1.7686815965051426,0.22484911883283587,0.12712809319502755,0.02261571561497485
9,8,48.005,47.87,0.06,47.87(6),-0.1350000000000051,-0.0028122070617645,False,I,3,48.00515088116716,1.7686815965051426,-0.13515088116716356,0.07641334733974578,0.03392357342246227
9,12,48.005,47.94,0.06,47.94(6),-0.0650000000000048,-0.0013540256223311,False,I,3,48.00515088116716,1.7686815965051426,-0.06515088116716328,0.036835845013539634,0.03392357342246227
9,16,48.005,47.75,0.09,47.75(9),-0.2550000000000025,-0.0053119466722216,False,I,3,48.00515088116716,1.7686815965051426,-0.255150881167161,0.14426049418466888,0.05088536013369341
10,5,49.774,49.26,0.19,49.26(19),-0.5140000000000029,-0.0103266765781332,False,I,3,49.7738324776723,1.7686815965051426,-0.5138324776723024,0.29051722971936766,0.10742464917113054
10,8,49.774,49.67,0.03,49.67(3),-0.1039999999999992,-0.0020894442881825,False,I,3,49.7738324776723,1.7686815965051426,-0.10383247767229875,0.05870614466587336,0.016961786711231136
10,12,49.774,49.36,0.23,49.36(23),-0.4140000000000015,-0.0083175955318037,False,I,3,49.7738324776723,1.7686815965051426,-0.413832477672301,0.23397794068192973,0.1300403647861054
10,16,49.774,49.23,0.22,49.23(22),-0.544000000000004,-0.010929400892032,False,I,3,49.7738324776723,1.7686815965051426,-0.5438324776723036,0.30747901643059944,0.12438643588236167
11,5,52.97,52.93,0.02,52.93(2),-0.0399999999999991,-0.0007551444213705,False,I,3,52.970321477714464,3.1964890000421584,-0.04032147771446404,0.012614302040123473,0.006256864953934214
11,8,52.97,52.83,0.04,52.83(4),-0.1400000000000005,-0.002643005474797,False,I,3,52.970321477714464,3.1964890000421584,-0.14032147771446546,0.043898626809794984,0.012513729907868427
11,12,52.97,52.88,0.05,52.88(5),-0.0899999999999963,-0.0016990749480837,False,I,3,52.970321477714464,3.1964890000421584,-0.0903214777144612,0.028256464424958116,0.015642162384835536
11,16,52.97,52.78,0.05,52.78(5),-0.1899999999999977,-0.0035869360015102,False,I,3,52.970321477714464,3.1964890000421584,-0.19032147771446262,0.05954078919462963,0.015642162384835536
12,5,56.446,56.56,0.03,56.56(3),0.1140000000000043,0.0020196293802927,False,I,3,56.44624769706339,2.9007963055389583,0.11375230293661076,0.03921416430357593,0.010341987799252281
12,8,56.446,56.58,0.03,56.58(3),0.1340000000000003,0.0023739503242036,False,I,3,56.44624769706339,2.9007963055389583,0.13375230293660678,0.046108822836409415,0.010341987799252281
12,12,56.446,56.28,0.03,56.28(3),-0.1659999999999968,-0.0029408638344611,False,I,3,56.44624769706339,2.9007963055389583,-0.16624769706339038,0.05731105515611242,0.010341987799252281
12,16,56.446,56.49,0.05,56.49(5),0.044000000000004,0.0007795060766042,False,I,3,56.44624769706339,2.9007963055389583,0.04375230293661048,0.015082859438653845,0.017236646332087137
13,5,59.347,59.44,0.05,59.44(5),0.0929999999999964,0.001567054779517,False,I,3,59.34704400260235,1.4847345220074568,0.09295599739764526,0.0626078238363871,0.033676054041228046
13,8,59.347,59.33,0.09,59.33(9),-0.017000000000003,-0.0002864508736752,False,I,3,59.34704400260235,1.4847345220074568,-0.01704400260235417,0.011479495054314207,0.06061689727421047
13,12,59.347,59.35,0.06,59.35(6),0.0030000000000001,5.055015417797216e-05,False,I,3,59.34704400260235,1.4847345220074568,0.0029559973976489573,0.001990926562179115,0.040411264849473646
13,16,59.347,59.08,0.28,59.08(28),-0.267000000000003,-0.0044989637218394,False,I,3,59.34704400260235,1.4847345220074568,-0.26704400260235417,0.1798597652604544,0.18858590263087704
14,5,60.832,60.1,0.48,60.10(48),-0.7319999999999993,-0.0120331404523934,False,I,3,60.83177852460981,1.4847345220074568,-0.7317785246098083,0.49286826281940055,0.32329011879578917
14,8,60.832,60.13,4.14,60.13(414),-0.7019999999999982,-0.0115399789584428,False,I,3,60.83177852460981,1.4847345220074568,-0.7017785246098072,0.472662630394663,2.7883772746136817
14,12,60.832,60.41,1.44,60.41(144),-0.4220000000000041,-0.0069371383482378,False,I,3,60.83177852460981,1.4847345220074568,-0.42177852460981313,0.28407672776378995,0.9698703563873675
14,16,60.832,60.67,0.09,60.67(9),-0.161999999999999,-0.0026630720673329,False,I,3,60.83177852460981,1.4847345220074568,-0.16177852460980802,0.1089612467494007,0.06061689727421047
15,5,65.113,65.53,0.11,65.53(11),0.4170000000000016,0.0064042510712146,False,I,3,65.1125440480816,1.967266481412567,0.4174559519183987,0.21220101895837237,0.05591514979760957
15,8,65.113,64.99,0.04,64.99(4),-0.1230000000000046,-0.0018890236972648,False,I,3,65.1125440480816,1.967266481412567,-0.12254404808160757,0.06229153459353234,0.0203327817445853
15,12,65.113,65.05,0.06,65.05(6),-0.0630000000000023,-0.0009675487229893,False,I,3,65.1125440480816,1.967266481412567,-0.0625440480816053,0.031792361976653236,0.03049917261687795
15,16,65.113,64.92,0.06,64.92(6),-0.1929999999999978,-0.0029640778339194,False,I,3,65.1125440480816,1.967266481412567,-0.19254404808160075,0.09787390264655314,0.03049917261687795
16,5,67.08,67.06,0.05,67.06(5),-0.019999999999996,-0.000298151460942,False,I,3,67.07981052949417,1.967266481412567,-0.019810529494165507,0.010070079311238427,0.025415977180731627
16,8,67.08,67.1,0.03,67.10(3),0.019999999999996,0.000298151460942,False,I,3,67.07981052949417,1.967266481412567,0.020189470505826534,0.010262702433342827,0.015249586308438975
16,12,67.08,66.98,0.1,66.98(10),-0.0999999999999943,-0.0014907573047107,False,I,3,67.07981052949417,1.967266481412567,-0.0998105294941638,0.05073564280040816,0.050831954361463254
16,16,67.08,66.5,0.4,66.50(40),-0.5799999999999983,-0.0086463923673225,False,I,3,67.07981052949417,1.967266481412567,-0.5798105294941678,0.2947290237354338,0.20332781744585302
17,5,69.546,69.36,0.04,69.36(4),-0.186000000000007,-0.0026744888275387,False,I,3,69.54640171117398,2.4665911816798056,-0.18640171117398552,0.07557057389909326,0.01621671248040345
17,8,69.546,69.32,0.07,69.32(7),-0.2260000000000133,-0.0032496477151815,False,I,3,69.54640171117398,2.4665911816798056,-0.22640171117399177,0.09178728637949925,0.028379246840706043
17,12,69.546,69.11,0.28,69.11(28),-0.436000000000007,-0.0062692318753056,False,I,3,69.54640171117398,2.4665911816798056,-0.4364017111739855,0.17692502690161482,0.11351698736282417
17,16,69.546,69.44,0.07,69.44(7),-0.1060000000000087,-0.0015241710522533,False,I,3,69.54640171117398,2.4665911816798056,-0.10640171117398722,0.043137148938287045,0.028379246840706043
18,5,72.067,71.82,0.03,71.82(3),-0.2469999999999999,-0.0034273662008963,False,I,3,72.0671576744819,2.5207559633079284,-0.24715767448191173,0.09804902897366255,0.011901191720531213
18,8,72.067,71.84,0.03,71.84(3),-0.2269999999999896,-0.0031498466704592,False,I,3,72.0671576744819,2.5207559633079284,-0.2271576744819015,0.09011490115997102,0.011901191720531213
18,12,72.067,71.76,0.08,71.76(8),-0.3069999999999879,-0.004259924792207,False,I,3,72.0671576744819,2.5207559633079284,-0.3071576744818998,0.12185141241472024,0.031736511254749904
18,16,72.067,71.95,0.07,71.95(7),-0.1169999999999902,-0.001623489253056,False,I,3,72.0671576744819,2.5207559633079284,-0.11715767448190206,0.04647719818469013,0.02776944734790617
19,5,75.705,76.33,0.37,76.33(37),0.625,0.0082557294762565,False,I,3,75.70469069908393,1.4401493697908723,0.6253093009160722,0.4341975311955835,0.25691779461301895
19,8,75.705,75.72,0.12,75.72(12),0.0150000000000005,0.0001981375074301,False,I,3,75.70469069908393,1.4401493697908723,0.015309300916072743,0.010630356293039135,0.0833246901447629
19,12,75.705,75.23,3.3200000000000003,75.23(332),-0.4749999999999943,-0.0062743544019548,False,I,3,75.70469069908393,1.4401493697908723,-0.47469069908392214,0.32961212846473914,2.3053164273384406
19,16,75.705,75.35,3.17,75.35(317),-0.355000000000004,-0.0046892543425137,False,I,3,75.70469069908393,1.4401493697908723,-0.3546906990839318,0.24628743831998298,2.2011605646574868
20,5,77.145,76.84,0.08,76.84(8),-0.3049999999999926,-0.0039535938816513,False,I,3,77.1448400688748,1.4401493697908723,-0.3048400688747961,0.21167253568917138,0.05554979342984193
20,8,77.145,77.41,0.06,77.41(6),0.2650000000000005,0.003435089766025,False,I,3,77.1448400688748,1.4401493697908723,0.2651599311251971,0.18411974249844767,0.04166234507238145
20,12,77.145,76.8,0.09,76.80(9),-0.3449999999999988,-0.0044720979972778,False,I,3,77.1448400688748,1.4401493697908723,-0.34484006887480234,0.2394474324040967,0.06249351760857218
20,16,77.145,76.82,0.8300000000000001,76.82(83),-0.3250000000000028,-0.0042128459394646,False,I,3,77.1448400688748,1.4401493697908723,-0.3248400688748063,0.22555998404663896,0.5763291068346101
21,5,79.337,78.89,0.06,78.89(6),-0.4470000000000027,-0.005634193377617,False,I,3,79.33737502024937,2.1925349513745624,-0.4473750202493676,0.20404464702781386,0.027365584280599174
21,8,79.337,79.26,0.02,79.26(2),-0.0769999999999981,-0.0009705433782472,False,I,3,79.33737502024937,2.1925349513745624,-0.07737502024936305,0.03529021063078354,0.009121861426866391
21,12,79.337,78.95,0.04,78.95(4),-0.3870000000000004,-0.0048779258101516,False,I,3,79.33737502024937,2.1925349513745624,-0.3873750202493653,0.17667906274721365,0.018243722853732783
21,16,79.337,79.09,0.09,79.09(9),-0.2469999999999999,-0.0031133014860657,False,I,3,79.33737502024937,2.1925349513745624,-0.24737502024936475,0.11282603275914864,0.04104837642089876
22,5,82.914,84.12,1.17,84.12(117),1.206000000000003,0.0145451914031406,False,I,3,82.91038085408603,1.82511212643102,1.209619145913976,0.6627642917914137,0.6410565044504514
22,8,82.914,82.8,0.02,82.80(2),-0.1140000000000043,-0.0013749185903466,False,I,3,82.91038085408603,1.82511212643102,-0.11038085408603138,0.06047894399884325,0.010958230845306862
22,12,82.914,82.67,0.04,82.67(4),-0.2439999999999997,-0.0029428082109173,False,I,3,82.91038085408603,1.82511212643102,-0.24038085408602683,0.13170744449333535,0.021916461690613724
22,16,82.914,82.74,0.08,82.74(8),-0.1740000000000066,-0.002098559953687,False,I,3,82.91038085408603,1.82511212643102,-0.17038085408603365,0.09335363653476508,0.04383292338122745
23,5,84.736,84.82,0.02,84.82(2),0.0839999999999889,0.0009913141993956,False,I,3,84.73549298051705,1.82511212643102,0.08450701948294181,0.046302371377146045,0.010958230845306862
23,8,84.736,84.67,0.03,84.67(3),-0.0660000000000025,-0.0007788897280967,False,I,3,84.73549298051705,1.82511212643102,-0.06549298051704966,0.03588435996265075,0.01643734626796029
23,12,84.736,84.31,0.12,84.31(12),-0.4260000000000019,-0.0050273791540785,False,I,3,84.73549298051705,1.82511212643102,-0.4254929805170491,0.23313251517817396,0.06574938507184117
23,16,84.736,84.58,0.08,84.58(8),-0.1560000000000059,-0.0018410120845922,False,I,3,84.73549298051705,1.82511212643102,-0.15549298051705307,0.0851963987665335,0.04383292338122745
24,5,87.425,87.5,0.07,87.50(7),0.0750000000000028,0.0008578781812982,False,I,3,87.42527461312523,1.383836594509236,0.07472538687477481,0.053998707052024045,0.05058400701191518
24,8,87.425,87.69,2.44,87.69(244),0.2650000000000005,0.0030311695739205,False,I,3,87.42527461312523,1.383836594509236,0.26472538687477254,0.19129815465579214,1.7632139587010431
24,12,87.425,87.23,0.06,87.23(6),-0.1949999999999931,-0.0022304832713753,False,I,3,87.42527461312523,1.383836594509236,-0.1952746131252212,0.14111103427964589,0.043357720295927285
24,16,87.425,87.2,0.08,87.20(8),-0.2249999999999943,-0.0025736345438947,False,I,3,87.42527461312523,1.383836594509236,-0.22527461312522234,0.16278989442761035,0.057810293727903056
25,5,88.809,87.93,0.47,87.93(47),-0.8789999999999907,-0.009897645508901,False,I,3,88.80911120763446,1.383836594509236,-0.8791112076344518,0.6352709641604903,0.33963547565143043
25,8,88.809,88.52,0.03,88.52(3),-0.2890000000000015,-0.0032541746895022,False,I,3,88.80911120763446,1.383836594509236,-0.28911120763446263,0.20892004791721316,0.021678860147963643
25,12,88.809,88.33,0.47,88.33(47),-0.4789999999999992,-0.0053935974957492,False,I,3,88.80911120763446,1.383836594509236,-0.47911120763446036,0.34621949552098125,0.33963547565143043
25,16,88.809,88.7,1.28,88.70(128),-0.1089999999999946,-0.0012273530835838,False,I,3,88.80911120763446,1.383836594509236,-0.10911120763445581,0.07884688702942635,0.9249646996464489
26,5,92.492,92.96,0.04,92.96(4),0.4679999999999893,0.005059897072179,False,I,3,92.49189927055849,2.1594447699614028,0.4681007294415025,0.2167690213488855,0.018523279945110587
26,8,92.492,92.34,0.03,92.34(3),-0.152000000000001,-0.0016433853738701,False,I,3,92.49189927055849,2.1594447699614028,-0.15189927055848784,0.07034181780032413,0.013892459958832941
26,12,92.492,92.37,0.05,92.37(5),-0.1219999999999998,-0.0013190329974484,False,I,3,92.49189927055849,2.1594447699614028,-0.1218992705584867,0.05644935784149066,0.02315409993138824
26,16,92.492,92.24,0.06,92.24(6),-0.2520000000000095,-0.0027245599619427,False,I,3,92.49189927055849,2.1594447699614028,-0.25189927055849637,0.11665001766310455,0.027784919917665882
27,5,94.651,94.55,0.59,94.55(59),-0.100999999999999,-0.0010670780023454,False,I,3,94.65134404051989,1.2192901877254227,-0.10134404051989065,0.08311724439359858,0.48388808992274496
27,8,94.651,94.97,0.12,94.97(12),0.3190000000000026,0.0033702760668139,False,I,3,94.65134404051989,1.2192901877254227,0.31865595948011105,0.26134546368700096,0.0984179165944566
27,12,94.651,94.34,1.44,94.34(144),-0.3109999999999928,-0.003285755036925,False,I,3,94.65134404051989,1.2192901877254227,-0.3113440405198844,0.2553485984338925,1.1810149991334793
27,16,94.651,94.34,2.11,94.34(211),-0.3109999999999928,-0.003285755036925,False,I,3,94.65134404051989,1.2192901877254227,-0.3113440405198844,0.2553485984338925,1.7305150334525286
28,5,95.871,95.82,0.08,95.82(8),-0.0510000000000019,-0.0005319648277372,False,I,3,95.87063422824531,1.2192901877254227,-0.050634228245314716,0.04152762710226719,0.06561194439630441
28,8,95.871,95.69,0.05,95.69(5),-0.1809999999999973,-0.0018879536043224,False,I,3,95.87063422824531,1.2192901877254227,-0.18063422824531017,0.14814703674625812,0.04100746524769026
28,12,95.871,94.66,2.9,94.66(290),-1.2109999999999983,-0.0126315569880359,False,I,3,95.87063422824531,1.2192901877254227,-1.2106342282453113,0.9929008208486783,2.3784329843660346
28,16,95.871,95.13,1.25,95.13(125),-0.7409999999999997,-0.0077291360265356,False,I,3,95.87063422824531,1.2192901877254227,-0.7406342282453124,0.6074306475203909,1.0251866311922564
29,5,98.831,98.87,0.03,98.87(3),0.0390000000000014,0.0003946130262771,False,I,3,98.83119421819369,2.486656787537699,0.03880578180631744,0.01560560427993086,0.012064391093435198
29,8,98.831,98.55,0.06,98.55(6),-0.2810000000000059,-0.0028432374457407,False,I,3,98.83119421819369,2.486656787537699,-0.28119421819368995,0.11308123405004757,0.024128782186870396
29,12,98.831,98.69,0.04,98.69(4),-0.1410000000000053,-0.0014266778642329,False,I,3,98.83119421819369,2.486656787537699,-0.14119421819368938,0.056780742280683076,0.016085854791246933
29,16,98.831,98.74,0.06,98.74(6),-0.0910000000000081,-0.0009207637279801,False,I,3,98.83119421819369,2.486656787537699,-0.09119421819369222,0.03667342379162555,0.024128782186870396
30,8,101.318,101.13,0.03,101.13(3),-0.1880000000000024,-0.0018555439309895,False,II,4,101.31785100573138,2.407687034746948,-0.1878510057313889,0.07802135535905827,0.012460091185876676
30,12,101.318,101.31,0.03,101.31(3),-0.0079999999999955,-7.895931621227784e-05,False,II,4,101.31785100573138,2.407687034746948,-0.007851005731382088,0.003260808243795374,0.012460091185876676
30,16,101.318,101.33,0.05,101.33(5),0.0120000000000004,0.0001184389743184,False,II,4,101.31785100573138,2.407687034746948,0.012148994268613933,0.005045919213454091,0.020766818643127797
31,8,103.726,103.5,0.04,103.50(4),-0.2259999999999991,-0.0021788172685729,False,II,4,103.72553804047834,1.721085011847755,-0.22553804047834092,0.13104410236900704,0.02324115294982207
31,12,103.726,103.74,0.09,103.74(9),0.0139999999999957,0.0001349709812389,False,II,4,103.72553804047834,1.721085011847755,0.014461959521653966,0.008402815329922386,0.05229259413709965
31,16,103.726,103.66,0.05,103.66(5),-0.0660000000000025,-0.0006362917686983,False,II,4,103.72553804047834,1.721085011847755,-0.06553804047834433,0.03807949056972076,0.029051441187277587
32,8,105.447,105.03,0.16,105.03(16),-0.4170000000000016,-0.0039545933027966,False,II,4,105.44662305232609,1.721085011847755,-0.4166230523260879,0.24207000203830828,0.09296461179928828
32,12,105.447,105.49,0.07,105.49(7),0.0429999999999921,0.0004077877986096,False,II,4,105.44662305232609,1.721085011847755,0.043376947673905875,0.025203256884641874,0.04067201766218862
32,16,105.447,104.46,0.58,104.46(58),-0.987000000000009,-0.0093601524936698,False,II,4,105.44662305232609,1.721085011847755,-0.9866230523260953,0.573256431573277,0.33699671777241996
33,8,107.169,106.03,1.12,106.03(112),-1.1389999999999958,-0.0106280734167529,False,II,4,107.1686111842764,1.721988131950313,-1.1386111842763995,0.6612189498581593,0.6504109867072633
33,12,107.169,106.99,0.17,106.99(17),-0.179000000000002,-0.0016702591234405,False,II,4,107.1686111842764,1.721988131950313,-0.17861118427640577,0.10372381839479454,0.09872309619663817
33,16,107.169,106.93,0.05,106.93(5),-0.2389999999999901,-0.0022301225167724,False,II,4,107.1686111842764,1.721988131950313,-0.23861118427639383,0.13856726411124815,0.02903620476371711
34,8,111.03,111.03,0.16,111.03(16),0.0,0.0,False,II,4,111.02953554316967,0.8451236338229625,0.00046445683032914076,0.000549572644452203,0.18932141239055325
34,12,111.03,111.6,2.27,111.60(227),0.5699999999999932,0.005133747635774,False,II,4,111.02953554316967,0.8451236338229625,0.5704644568303223,0.67500710428579,2.685997538290974
34,16,111.03,110.27,1.73,110.27(173),-0.7600000000000051,-0.0068449968476988,False,II,4,111.02953554316967,0.8451236338229625,-0.759535543169676,0.8987271362106818,2.047037771472857
35,8,111.875,111.54,0.19,111.54(19),-0.3349999999999937,-0.0029944134078211,False,II,4,111.87465917699264,0.8451236338229625,-0.3346591769926306,0.39598842536065604,0.22481917721378197
35,12,111.875,111.88,0.07,111.88(7),0.0049999999999954,4.469273743012695e-05,False,II,4,111.87465917699264,0.8451236338229625,0.005340823007358608,0.006319575969256836,0.08282811792086706
35,16,111.875,112.86,3.37,112.86(337),0.9849999999999994,0.008804469273743,False,II,4,111.87465917699264,0.8451236338229625,0.9853408230073626,1.1659132268614,3.987582248476028
36,8,114.32,113.94,0.1,113.94(10),-0.3799999999999954,-0.0033240027991602,False,II,4,114.32022091545271,1.9064594054048416,-0.38022091545271053,0.19943824367556864,0.05245325429773038
36,12,114.32,114.49,0.09,114.49(9),0.1700000000000017,0.0014870538838348,False,II,4,114.32022091545271,1.9064594054048416,0.16977908454728663,0.08905465496194691,0.047207928867957334
36,16,114.32,114.06,0.06,114.06(6),-0.2599999999999909,-0.0022743177046885,False,II,4,114.32022091545271,1.9064594054048416,-0.260220915452706,0.13649433851828982,0.031471952578638225
37,8,116.227,115.96,0.11,115.96(11),-0.2670000000000101,-0.0022972286990115,False,II,4,116.22668032085755,1.9064594054048416,-0.2666803208575601,0.1398825068614193,0.05769857972750341
37,12,116.227,116.12,0.06,116.12(6),-0.1069999999999993,-0.0009206122501656,False,II,4,116.22668032085755,1.9064594054048416,-0.1066803208575493,0.055957299985045034,0.031471952578638225
37,16,116.227,115.82,0.2,115.82(20),-0.4070000000000107,-0.0035017680917515,False,II,4,116.22668032085755,1.9064594054048416,-0.4066803208575607,0.21331706287824212,0.10490650859546076
38,8,118.791,118.77,0.03,118.77(3),-0.0210000000000007,-0.0001767810692729,False,II,4,118.79078286597621,2.5641025451186628,-0.020782865976215703,0.00810531779073364,0.011700000086623542
38,12,118.791,118.71,0.04,118.71(4),-0.081000000000003,-0.0006818698386241,False,II,4,118.79078286597621,2.5641025451186628,-0.08078286597621798,0.031505317963981615,0.015600000115498057
38,16,118.791,118.96,0.07,118.96(7),0.1689999999999969,0.0014226667003392,False,II,4,118.79078286597621,2.5641025451186628,0.16921713402378202,0.06599468275788124,0.027300000202121602
39,8,121.37,121.27,0.06,121.27(6),-0.1000000000000085,-0.000823926835297,False,II,4,121.37012500242065,1.5767042911319422,-0.10012500242065414,0.06350271448095872,0.03805406019217782
39,12,121.37,121.78,0.97,121.78(97),0.4099999999999966,0.0033781000247177,False,II,4,121.37012500242065,1.5767042911319422,0.409874997579351,0.25995679715255604,0.6152073064402082
39,16,121.37,122.26,0.6900000000000001,122.26(69),0.8900000000000006,0.0073329488341435,False,II,4,121.37012500242065,1.5767042911319422,0.889874997579355,0.5643892786899812,0.43762169221004504
40,8,122.947,122.99,0.22,122.99(22),0.0429999999999921,0.0003497441987197,False,II,4,122.94682929355258,1.309989260793179,0.0431707064474125,0.032955007906914656,0.167940308050154
40,12,122.947,123.48,3.23,123.48(323),0.5330000000000013,0.0043352013469218,False,II,4,122.94682929355258,1.309989260793179,0.5331707064474216,0.4070038758368101,2.4656690681908975
40,16,122.947,123.12,0.05,123.12(5),0.1730000000000018,0.0014071103808958,False,II,4,122.94682929355258,1.309989260793179,0.17317070644742216,0.13219246266383122,0.03816825182958046
41,8,124.257,122.82,0.48,122.82(48),-1.4370000000000118,-0.0115647408194307,False,II,4,124.25681855434577,1.309989260793179,-1.436818554345777,1.096817048313667,0.3664152175639724
41,12,124.257,124.43,0.19,124.43(19),0.1730000000000018,0.0013922756866816,False,II,4,124.25681855434577,1.309989260793179,0.17318144565423665,0.13220066059883412,0.14503935695240575
41,16,124.257,123.85,0.38,123.85(38),-0.4070000000000107,-0.0032754693900545,False,II,4,124.25681855434577,1.309989260793179,-0.40681855434577585,0.3105510606243087,0.2900787139048115
42,8,127.517,127.46,0.03,127.46(3),-0.0570000000000021,-0.0004469992236329,False,II,4,127.5166838795965,2.0620203203595557,-0.05668387959650545,0.02748948642107535,0.014548838197078912
42,12,127.517,127.51,0.04,127.51(4),-0.0069999999999907,-5.489464149870834e-05,False,II,4,127.5166838795965,2.0620203203595557,-0.00668387959649408,0.0032414227592716485,0.01939845092943855
42,16,127.517,127.36,0.07,127.36(7),-0.1569999999999964,-0.0012312083879011,False,II,4,127.5166838795965,2.0620203203595557,-0.15668387959649976,0.07598561374466897,0.03394728912651747
43,8,129.579,129.36,0.32,129.36(32),-0.2189999999999941,-0.0016900886717754,False,II,4,129.57870419995606,1.5089843309766058,-0.21870419995605062,0.14493470572653763,0.2120631695313217
43,12,129.579,129.66,0.12,129.66(12),0.0809999999999888,0.0006251012895607,False,II,4,129.57870419995606,1.5089843309766058,0.08129580004393233,0.05387451570906516,0.07952368857424563
43,16,129.579,129.57,0.12,129.57(12),-0.0090000000000145,-6.945569884020213e-05,False,II,4,129.57870419995606,1.5089843309766058,-0.00870419995607108,0.005768250721621325,0.07952368857424563
44,8,131.088,130.84,0.16,130.84(16),-0.2479999999999904,-0.0018918589039423,False,II,4,131.08768853093267,1.5089843309766058,-0.2476885309326633,0.16414254664417935,0.10603158476566085
44,12,131.088,130.91,1.56,130.91(156),-0.1779999999999972,-0.0013578664713779,False,II,4,131.08768853093267,1.5089843309766058,-0.17768853093267012,0.11775372830920726,1.0338079514651932
44,16,131.088,131.22,0.05,131.22(5),0.132000000000005,0.00100695715855,False,II,4,131.08768853093267,1.5089843309766058,0.13231146906733215,0.08768246717426215,0.03313487023926902
45,8,133.498,133.41,0.07,133.41(7),-0.0879999999999938,-0.0006591859054067,False,II,4,133.4977372029976,1.2587725503762848,-0.08773720299760157,0.06970060077285153,0.055609728682973675
45,12,133.498,134.0,0.36,134.00(36),0.5020000000000095,0.0037603559603889,False,II,4,133.4977372029976,1.2587725503762848,0.5022627970024018,0.3990099695550721,0.28599289036957887
45,16,133.498,133.62,0.12,133.62(12),0.1220000000000141,0.0009138713688595,False,II,4,133.4977372029976,1.2587725503762848,0.12226279700240639,0.09712858527607579,0.09533096345652628
46,8,134.757,134.34,0.24,134.34(24),-0.4170000000000016,-0.0030944589149357,False,II,4,134.75650975337388,1.2587725503762848,-0.4165097533738731,0.3308856339847623,0.19066192691305256
46,12,134.757,134.89,1.32,134.89(132),0.1329999999999813,0.0009869617162743,False,II,4,134.75650975337388,1.2587725503762848,0.13349024662610987,0.106047948524303,1.0486405980217892
46,16,134.757,134.45,0.27,134.45(27),-0.3070000000000163,-0.0022781747886938,False,II,4,134.75650975337388,1.2587725503762848,-0.30650975337388786,0.24349891748295824,0.21449466777718415
47,8,138.116,138.14,0.08,138.14(8),0.0239999999999724,0.0001737669784816,False,II,4,138.11604205453344,1.6201668975879457,0.023957945466548836,0.014787331787988436,0.04937762900791364
47,12,138.116,138.27,0.1,138.27(10),0.1539999999999963,0.0011150047785918,False,II,4,138.11604205453344,1.6201668975879457,0.1539579454665727,0.09502597892586284,0.06172203625989205
47,16,138.116,138.12,0.11,138.12(11),0.0039999999999906,2.8961163080241805e-05,False,II,4,138.11604205453344,1.6201668975879457,0.0039579454665670255,0.002442924536021253,0.06789423988588125
48,8,139.736,139.52,0.06,139.52(6),-0.2159999999999797,-0.0015457720272512,False,II,4,139.7362089521214,1.3874984518997349,-0.21620895212137725,0.15582644566222636,0.04324329149185659
48,12,139.736,139.98,0.09,139.98(9),0.2439999999999997,0.0017461498826358,False,II,4,139.7362089521214,1.3874984518997349,0.24379104787860228,0.1757054557753261,0.06486493723778489
48,16,139.736,139.72,0.09,139.72(9),-0.0159999999999911,-0.0001145016316481,False,II,4,139.7362089521214,1.3874984518997349,-0.01620895212138862,0.011682140689379257,0.06486493723778489
49,8,141.124,140.86,0.08,140.86(8),-0.2639999999999816,-0.0018706952750771,False,II,4,141.12370740402113,1.3874984518997349,-0.2637074040211189,0.1900596023441007,0.057657721989142124
49,12,141.124,141.2,0.05,141.20(5),0.0759999999999934,0.0005385334882797,False,II,4,141.12370740402113,1.3874984518997349,0.07629259597885607,0.05498571610973532,0.03603607624321383
49,16,141.124,140.57,1.07,140.57(107),-0.554000000000002,-0.0039256256908817,False,II,4,141.12370740402113,1.3874984518997349,-0.5537074040211394,0.3990688445547556,0.771172031604776
50,8,143.112,142.9,0.09,142.90(9),-0.211999999999989,-0.0014813572586504,False,II,4,143.11184580762063,1.9881384035995089,-0.21184580762061955,0.1065548591773462,0.04526847820909033
50,12,143.112,142.72,0.22,142.72(22),-0.3919999999999959,-0.0027391134216557,False,II,4,143.11184580762063,1.9881384035995089,-0.3918458076206264,0.1970918155955303,0.11065628006666525
50,16,143.112,142.91,0.13,142.91(13),-0.2019999999999981,-0.0014114819162613,False,II,4,143.11184580762063,1.9881384035995089,-0.20184580762062865,0.10152502826522963,0.06538780185757492
51,8,146.001,146.03,0.08,146.03(8),0.0289999999999963,0.0001986287765152,False,II,4,146.0009824867655,1.4217828557940835,0.029017513234492753,0.020409244010954196,0.05626738265550333
51,12,146.001,145.8,0.04,145.80(4),-0.2009999999999934,-0.0013767028992951,False,II,4,146.0009824867655,1.4217828557940835,-0.20098248676549701,0.14135948112361066,0.028133691327751665
51,16,146.001,146.24,0.52,146.24(52),0.2390000000000043,0.0016369750892117,False,II,4,146.0009824867655,1.4217828557940835,0.2390175132345007,0.16811112348165602,0.3657379872607716
52,8,147.423,147.34,0.08,147.34(8),-0.0829999999999984,-0.0005630057725049,False,II,4,147.42276534255961,1.4217828557940835,-0.0827653425596111,0.05821236500519316,0.05626738265550333
52,12,147.423,147.17,0.46,147.17(46),-0.2530000000000143,-0.0017161501258284,False,II,4,147.42276534255961,1.4217828557940835,-0.252765342559627,0.17778055314814892,0.32353745026914416
52,16,147.423,147.43,0.11,147.43(11),0.007000000000005,4.748241454864575e-05,False,II,4,147.42276534255961,1.4217828557940835,0.007234657440392311,0.0050884404822504805,0.07736765115131708
53,8,150.054,150.04,0.06,150.04(6),-0.01400000000001,-9.3299745425047e-05,False,II,4,150.05352042078488,0.8717371914565865,-0.0135204207848858,0.015509744126316921,0.06882808326640961
53,12,150.054,149.62,0.73,149.62(73),-0.4339999999999975,-0.0028922921081743,False,II,4,150.05352042078488,0.8717371914565865,-0.4335204207848733,0.49730632699116994,0.8374083464079837
53,16,150.054,150.1,1.25,150.10(125),0.0459999999999922,0.0003065563063963,False,II,4,150.05352042078488,0.8717371914565865,0.04647957921511647,0.05331833914009531,1.4339184013835338
54,8,150.925,150.2,4.14,150.20(414),-0.7250000000000227,-0.0048037104522115,False,II,4,150.92525761224147,0.8717371914565865,-0.725257612241478,0.8319681887492312,4.749137745382264
54,12,150.925,149.47,1.97,149.47(197),-1.4550000000000125,-0.0096405499420242,False,II,4,150.92525761224147,0.8717371914565865,-1.4552576122414678,1.6693765351572032,2.259855400580449
54,16,150.925,150.96,0.22,150.96(22),0.0349999999999965,0.0002319032632101,False,II,4,150.92525761224147,0.8717371914565865,0.03474238775854133,0.039854199291979545,0.2523696386435019
55,8,153.025,152.68,0.06,152.68(6),-0.3449999999999988,-0.0022545335729455,False,II,4,153.0246938111989,2.0994361989574295,-0.34469381119888,0.16418398966829922,0.028579101393886475
55,12,153.025,152.79,0.05,152.79(5),-0.2350000000000136,-0.0015356967815717,False,II,4,153.0246938111989,2.0994361989574295,-0.23469381119889476,0.11178897044618105,0.023815917828238733
55,16,153.025,152.89,0.14,152.89(14),-0.1350000000000193,-0.0008822087894136,False,II,4,153.0246938111989,2.0994361989574295,-0.13469381119890045,0.06415713478970629,0.06668456991906845
56,8,156.113,156.27,0.1,156.27(10),0.1570000000000107,0.0010056817817863,False,II,4,156.11290929423788,1.4846825233561922,0.1570907057621298,0.105807607546305,0.06735446698324803
56,12,156.113,156.02,2.03,156.02(203),-0.0929999999999893,-0.0005957223293382,False,II,4,156.11290929423788,1.4846825233561922,-0.0929092942378702,0.06257855991181503,1.3672956797599345
56,16,156.113,156.19,3.43,156.19(343),0.0769999999999981,0.0004932324662263,False,II,4,156.11290929423788,1.4846825233561922,0.0770907057621173,0.05192403395969817,2.310258217525407
57,8,157.598,157.69,0.2,157.69(20),0.0919999999999845,0.000583763753347,False,II,4,157.59759181759406,1.2523963538264389,0.09240818240593285,0.07378509377131186,0.1596938536182585
57,12,157.598,157.6,0.89,157.60(89),0.0019999999999811,1.2690516376991636e-05,False,II,4,157.59759181759406,1.2523963538264389,0.0024081824059294377,0.0019228596430928059,0.7106376486012503
57,16,157.598,157.4,0.15,157.40(15),-0.1980000000000075,-0.001256361121334,False,II,4,157.59759181759406,1.2523963538264389,-0.1975918175940592,0.15777099397515662,0.11977039021369386
58,8,158.85,159.16,3.79,159.16(379),0.3100000000000023,0.0019515265974189,False,II,4,158.8499881714205,1.2523963538264389,0.3100118285794906,0.2475349178655091,3.0261985260659983
58,12,158.85,158.84,0.89,158.84(89),-0.0099999999999909,-6.295247088442496e-05,False,II,4,158.8499881714205,1.2523963538264389,-0.009988171420502567,0.007975247923699049,0.7106376486012503
58,16,158.85,158.57,0.79,158.57(79),-0.2800000000000011,-0.0017626691847655,False,II,4,158.8499881714205,1.2523963538264389,-0.2799881714205128,0.22356195030835618,0.630790721792121
59,8,161.189,161.32,0.08,161.32(8),0.1310000000000002,0.0008127105447642,False,II,4,161.18896413759603,1.8417455495859598,0.13103586240396226,0.07114764709675571,0.04343705351588046
59,12,161.189,161.0,0.04,161.00(4),-0.1889999999999929,-0.0011725365874842,False,II,4,161.18896413759603,1.8417455495859598,-0.18896413759603092,0.10260056696676242,0.02171852675794023
59,16,161.189,161.25,0.03,161.25(3),0.061000000000007,0.0003784377345849,False,II,4,161.18896413759603,1.8417455495859598,0.06103586240396908,0.03314022527036401,0.01628889506845517
60,8,163.031,163.0,0.05,163.00(5),-0.0310000000000059,-0.0001901478859849,False,II,4,163.030709687182,1.8417455495859598,-0.030709687181996514,0.016674229069754135,0.027148158447425286
60,12,163.031,162.43,0.58,162.43(58),-0.6009999999999991,-0.003686415466997,False,II,4,163.030709687182,1.8417455495859598,-0.6007096871819897,0.3261632353703987,0.3149186379901333
60,16,163.031,162.75,0.12,162.75(12),-0.2810000000000059,-0.0017235985794113,False,II,4,163.030709687182,1.8417455495859598,-0.2807096871819965,0.15241502130688056,0.06515558027382068
61,8,165.537,165.41,0.05,165.41(5),-0.1270000000000095,-0.0007672000821569,False,II,4,165.5370691879004,1.6473707902740946,-0.12706918790041755,0.07713453986838954,0.03035139404874409
61,12,165.537,165.94,0.26,165.94(26),0.4029999999999916,0.0024345010481039,False,II,4,165.5370691879004,1.6473707902740946,0.4029308120995836,0.24459023704829846,0.15782724905346926
61,16,165.537,165.71,0.14,165.71(14),0.1730000000000018,0.0010450835764814,False,II,4,165.5370691879004,1.6473707902740946,0.17293081209959382,0.10497382442408187,0.08498390333648345
62,8,167.184,167.13,0.05,167.13(5),-0.054000000000002,-0.0003229974160206,False,II,4,167.1844399781745,1.6473707902740946,-0.05443997817451418,0.03304658459159415,0.03035139404874409
62,12,167.184,167.08,0.11,167.08(11),-0.103999999999985,-0.0006220690975212,False,II,4,167.1844399781745,1.6473707902740946,-0.10443997817449713,0.0633979786403279,0.066773066907237
62,16,167.184,167.42,0.85,167.42(85),0.23599999999999,0.0014116183366828,False,II,4,167.1844399781745,1.6473707902740946,0.23556002182547786,0.14299150089111673,0.5159736988286495
63,8,169.095,168.49,4.58,168.49(458),-0.6049999999999898,-0.0035778704278659,False,II,4,169.09451541556882,0.8174610638428774,-0.6045154155688124,0.7395036195693415,5.602713331041676
63,12,169.095,169.16,0.49,169.16(49),0.0649999999999977,0.0003843993021674,False,II,4,169.09451541556882,0.8174610638428774,0.06548458443117511,0.08010728256992772,0.599416928430223
63,16,169.095,169.01,0.14,169.01(14),-0.0850000000000079,-0.0005026760105266,False,II,4,169.09451541556882,0.8174610638428774,-0.08451541556883058,0.10338769552096382,0.1712619795514923
64,8,169.912,169.18,0.67,169.18(67),-0.7319999999999993,-0.004308112434672,False,II,4,169.9119764794117,0.8174610638428774,-0.731976479411685,0.8954267203512665,0.8196109021392846
64,12,169.912,169.17,0.27,169.17(27),-0.7420000000000186,-0.0043669664296813,False,II,4,169.9119764794117,0.8174610638428774,-0.7419764794117043,0.9076597188906824,0.3302909605635923
64,16,169.912,169.8,1.38,169.80(138),-0.1119999999999947,-0.0006591647441027,False,II,4,169.9119764794117,0.8174610638428774,-0.11197647941168043,0.13698081090893793,1.688153798436138
65,8,173.412,173.33,0.05,173.33(5),-0.0819999999999936,-0.0004728623163333,False,II,4,173.41153651959155,1.342655003774173,-0.08153651959153763,0.06072782610748131,0.037239648204081564
65,12,173.412,173.6,0.19,173.60(19),0.1879999999999881,0.0010841233593983,False,II,4,173.41153651959155,1.342655003774173,0.18846348040844418,0.1403662741945456,0.14151066317550992
65,16,173.412,173.36,0.08,173.36(8),-0.0519999999999925,-0.0002998639079186,False,II,4,173.41153651959155,1.342655003774173,-0.05153651959153649,0.03838403718503152,0.0595834371265305
66,8,174.754,174.75,0.03,174.75(3),-0.0039999999999906,-2.288931869937557e-05,False,II,4,174.75419152336573,1.342655003774173,-0.004191523365733474,0.0031218171115820494,0.022343788922448937
66,12,174.754,174.65,0.07,174.65(7),-0.103999999999985,-0.000595122286185,False,II,4,174.75419152336573,1.342655003774173,-0.10419152336572779,0.07760111351974094,0.05213550748571419
66,16,174.754,174.4,1.05,174.40(105),-0.353999999999985,-0.0020257047048993,False,II,4,174.75419152336573,1.342655003774173,-0.3541915233657278,0.26379935454014874,0.7820326122857129
67,8,176.441,176.23,0.11,176.23(11),-0.2110000000000127,-0.0011958671737295,False,II,4,176.44143429771043,1.6872427743446932,-0.21143429771043998,0.12531350018230705,0.0651951228789365
67,12,176.441,176.52,0.16,176.52(16),0.0790000000000077,0.0004477417380314,False,II,4,176.44143429771043,1.6872427743446932,0.07856570228958049,0.0465645510439922,0.09482926964208946
67,16,176.441,176.41,0.13,176.41(13),-0.0310000000000059,-0.0001756961250503,False,II,4,176.44143429771043,1.6872427743446932,-0.03143429771043316,0.01863057183495238,0.07704878158419769
68,8,178.377,177.97,1.75,177.97(175),-0.4070000000000107,-0.0022816842978635,False,II,4,178.37740777609997,1.539076244157019,-0.4074077760999728,0.2647092875656188,1.1370456835025142
68,12,178.377,178.26,0.1,178.26(10),-0.1170000000000186,-0.0006559141593367,False,II,4,178.37740777609997,1.539076244157019,-0.11740777609998077,0.07628457429949302,0.06497403905728653
68,16,178.377,178.11,0.11,178.11(11),-0.2669999999999959,-0.0014968297482298,False,II,4,178.37740777609997,1.539076244157019,-0.26740777609995803,0.17374563288540804,0.07147144296301518
69,8,179.916,179.89,0.05,179.89(5),-0.0260000000000104,-0.0001445118833233,False,II,4,179.916484020257,1.539076244157019,-0.026484020257015572,0.017207737665732973,0.03248701952864327
69,12,179.916,180.01,2.62,180.01(262),0.093999999999994,0.0005224660397073,False,II,4,179.916484020257,1.539076244157019,0.09351597974298897,0.060761109203013815,1.702319823300907
69,16,179.916,179.36,0.51,179.36(51),-0.5559999999999832,-0.0030903310433757,False,II,4,179.916484020257,1.539076244157019,-0.5564840202569883,0.36157014466933385,0.3313675991921613
70,8,182.207,182.28,0.06,182.28(6),0.0730000000000075,0.0004006432244645,False,II,4,182.20707848436646,2.290594464109466,0.07292151563353855,0.03183519246908198,0.026194073608453737
70,12,182.207,182.14,0.06,182.14(6),-0.0670000000000072,-0.0003677136443715,False,II,4,182.20707848436646,2.290594464109466,-0.06707848436647623,0.02928431261731653,0.026194073608453737
70,16,182.207,181.98,0.08,181.98(8),-0.2270000000000038,-0.001245835780184,False,II,4,182.20707848436646,2.290594464109466,-0.22707848436647282,0.09913517557319168,0.03492543147793832
71,8,184.874,185.51,2.94,185.51(294),0.6359999999999957,0.0034401808799506,False,II,4,184.8744678483875,0.7243158293199626,0.6355321516124945,0.8774240819908294,4.059002828586907
71,12,184.874,184.82,0.17,184.82(17),-0.054000000000002,-0.0002920908294297,False,II,4,184.8744678483875,0.7243158293199626,-0.05446784838750318,0.07519903084078852,0.23470424519039942
71,16,184.874,184.77,0.86,184.77(86),-0.103999999999985,-0.0005625453011239,False,II,4,184.8744678483875,0.7243158293199626,-0.10446784838748613,0.14422969119088244,1.1873273580220205
72,8,185.599,185.89,2.23,185.89(223),0.2909999999999968,0.001567896378752,False,II,4,185.59878367770747,0.7243158293199626,0.29121632229251304,0.40205710065169625,3.0787674516152395
72,12,185.599,185.43,0.24,185.43(24),-0.1689999999999827,-0.0009105652508902,False,II,4,185.59878367770747,0.7243158293199626,-0.1687836777074665,0.23302497456935628,0.3313471696805639
72,16,185.599,184.6,3.28,184.60(328),-0.9989999999999952,-0.0053825721043755,False,II,4,185.59878367770747,0.7243158293199626,-0.998783677707479,1.3789339363813236,4.528411318967706
73,8,187.229,187.1,1.88,187.10(188),-0.1290000000000191,-0.0006889958286377,False,II,4,187.22892258350186,1.6301389057943805,-0.12892258350186125,0.07908686986342196,1.1532759529371885
73,12,187.229,187.04,0.72,187.04(72),-0.1890000000000213,-0.0010094590047483,False,II,4,187.22892258350186,1.6301389057943805,-0.18892258350186353,0.11589354921248257,0.4416801521887105
73,16,187.229,187.22,0.34,187.22(34),-0.0090000000000145,-4.806947641665849e-05,False,II,4,187.22892258350186,1.6301389057943805,-0.008922583501856707,0.005473511165300761,0.2085711829780022
74,8,189.416,189.5,0.0,189.50(0),0.0840000000000031,0.0004434683448072,True,II,4,189.41615865601693,2.187236072515085,0.08384134398306742,0.03833209640085121,0.0
74,12,189.416,189.28,0.06,189.28(6),-0.1359999999999956,-0.000717996367783,False,II,4,189.41615865601693,2.187236072515085,-0.13615865601693145,0.06225146783555179,0.027431881155382778
74,16,189.416,189.23,0.06,189.23(6),-0.186000000000007,-0.0009819656206445,False,II,4,189.41615865601693,2.187236072515085,-0.18615865601694281,0.08511136879837597,0.027431881155382778
75,8,192.027,192.07,0.09,192.07(9),0.0430000000000063,0.0002239268436209,False,II,4,192.0266563607138,1.0530702431319174,0.043343639286206326,0.04115930496459456,0.08546438434375717
75,12,192.027,192.2,1.69,192.20(169),0.1730000000000018,0.0009009149754982,False,II,4,192.0266563607138,1.0530702431319174,0.17334363928620178,0.16460786012779505,1.6048312171216623
75,16,192.027,192.42,0.41,192.42(41),0.3930000000000007,0.0020465871986751,False,II,4,192.0266563607138,1.0530702431319174,0.39334363928620064,0.37352079963475593,0.3893377508993382
76,8,193.08,193.09,0.04,193.09(4),0.0099999999999909,5.179200331464111e-05,False,II,4,193.0797266038457,1.0530702431319174,0.010273396154303782,0.00975566086052328,0.03798417081944763
76,12,193.08,193.1,0.12,193.10(12),0.0199999999999818,0.0001035840066292,False,II,4,193.0797266038457,1.0530702431319174,0.020273396154294687,0.019251703565376553,0.11395251245834288
76,16,193.08,193.06,1.59,193.06(159),-0.0200000000000102,-0.0001035840066294,False,II,4,193.0797266038457,1.0530702431319174,-0.019726603845697355,0.018732467254063523,1.5098707900730435
77,8,195.265,195.56,2.17,195.56(217),0.2950000000000159,0.0015107674186362,False,II,4,195.26539667952923,1.6110851614290815,0.2946033204707703,0.18286017866954235,1.3469182461311628
77,12,195.265,195.18,0.8,195.18(80),-0.0849999999999795,-0.0004353058663866,False,II,4,195.26539667952923,1.6110851614290815,-0.08539667952922514,0.0530056893165571,0.4965597220760048
77,16,195.265,195.55,0.58,195.55(58),0.285000000000025,0.0014595549637673,False,II,4,195.26539667952923,1.6110851614290815,0.2846033204707794,0.17665318214359793,0.36000579850510345
78,8,196.876,196.93,0.28,196.93(28),0.054000000000002,0.0002742843210955,False,II,4,196.87648184095832,1.1388278352935954,0.053518159041686886,0.04699407354043962,0.24586683897466788
78,12,196.876,196.04,3.04,196.04(304),-0.8360000000000127,-0.0042463276377009,False,II,4,196.87648184095832,1.1388278352935954,-0.8364818409583279,0.7345112360576248,2.669411394582108
78,16,196.876,196.81,0.09,196.81(9),-0.0660000000000025,-0.00033523639245,False,II,4,196.87648184095832,1.1388278352935954,-0.06648184095831766,0.05837742887727917,0.0790286268132861
79,8,198.015,196.81,0.42,196.81(42),-1.204999999999984,-0.006085397570891,False,II,4,198.01530967625192,1.1388278352935954,-1.2053096762519147,1.0583774288772805,0.36880025846200176
79,12,198.015,197.74,0.1,197.74(10),-0.2749999999999772,-0.001388783678004,False,II,4,198.01530967625192,1.1388278352935954,-0.27530967625190783,0.24174828513998486,0.08780958534809567
79,16,198.015,197.8,1.54,197.80(154),-0.214999999999975,-0.0010857763300758,False,II,4,198.01530967625192,1.1388278352935954,-0.21530967625190556,0.18906253393112546,1.3522676143606733
80,8,201.265,199.24,5.76,199.24(576),-2.0249999999999773,-0.0100613618860704,False,II,4,201.2647519437038,1.2288425704367456,-2.024751943703791,1.6476902675858385,4.687337612297095
80,12,201.265,200.14,0.05,200.14(5),-1.125,-0.0055896454922614,False,II,4,201.2647519437038,1.2288425704367456,-1.1247519437038136,0.9152937656644358,0.04068869455119006
80,16,201.265,200.47,0.16,200.47(16),-0.7949999999999875,-0.0039500161478646,False,II,4,201.2647519437038,1.2288425704367456,-0.7947519437038011,0.6467483816265712,0.1302038225638082
