cosmic_age_Gyr,exponent,normalized_delta_cos
1.0,1,1.0190719155480583
1.023292992280754,1,1.0189014377982222
1.0471285480508996,1,1.018731017076358
1.0715193052376064,1,1.0185606533538547
1.096478196143185,1,1.0183903466021211
1.1220184543019633,1,1.018220096792585
1.1481536214968828,1,1.018049903896693
1.1748975549395295,1,1.0178797678859108
1.202264434617413,1,1.0177096887317238
1.2302687708123814,1,1.0175396664056355
1.2589254117941673,1,1.0173697008791691
1.288249551693134,1,1.0171997921238667
1.318256738556407,1,1.0170299401112892
1.3489628825916535,1,1.016860144813017
1.3803842646028848,1,1.0166904062006488
1.4125375446227544,1,1.0165207242458025
1.4454397707459274,1,1.0163510989201152
1.4791083881682074,1,1.0161815301952428
1.5135612484362082,1,1.0160120180428602
1.5488166189124812,1,1.0158425624346605
1.5848931924611136,1,1.015673163342357
1.62181009735893,1,1.0155038207376805
1.6595869074375607,1,1.0153345345923817
1.6982436524617444,1,1.0151653048782292
1.7378008287493754,1,1.0149961315670113
1.7782794100389228,1,1.0148270146305347
1.8197008586099834,1,1.0146579540406249
1.8620871366628675,1,1.0144889497691258
1.9054607179632472,1,1.014320001787901
1.9498445997580451,1,1.0141511100688319
1.9952623149688795,1,1.0139822745838192
2.041737944669529,1,1.0138134953047817
2.0892961308540396,1,1.013644772203658
2.137962089502232,1,1.013476105252404
2.1877616239495525,1,1.0133074944229952
2.23872113856834,1,1.0131389396874253
2.290867652767773,1,1.0129704410177072
2.344228815319922,1,1.0128019983858718
2.3988329190194904,1,1.012633611763969
2.4547089156850306,1,1.0124652811240669
2.51188643150958,1,1.0122970064382524
2.570395782768864,1,1.012128787678631
2.6302679918953817,1,1.0119606248173265
2.6915348039269156,1,1.0117925178264817
2.7542287033381663,1,1.0116244666782575
2.8183829312644537,1,1.0114564713448333
2.884031503126606,1,1.0112885317984073
2.951209226666386,1,1.0111206480111956
3.019951720402016,1,1.0109528199554334
3.0902954325135905,1,1.010785047603374
3.1622776601683795,1,1.0106173309272888
3.2359365692962827,1,1.0104496698994683
3.311311214825911,1,1.0102820644922206
3.3884415613920256,1,1.0101145146778732
3.4673685045253166,1,1.0099470204287708
3.548133892335755,1,1.0097795817172772
3.630780547701014,1,1.0096121985157742
3.715352290971726,1,1.0094448707966623
3.8018939632056115,1,1.0092775985323597
3.890451449942806,1,1.0091103816953033
3.9810717055349722,1,1.008943220257948
4.073802778041127,1,1.0087761141927674
4.168693834703354,1,1.0086090634722529
4.265795188015926,1,1.0084420680689141
4.36515832240166,1,1.008275127955279
4.466835921509632,1,1.0081082431038941
4.570881896148751,1,1.0079414134873232
4.677351412871983,1,1.0077746390781492
4.786300923226384,1,1.0076079198489725
4.8977881936844625,1,1.0074412557724117
5.011872336272724,1,1.0072746468211038
5.1286138399136485,1,1.0071080929677039
5.248074602497725,1,1.006941594184885
5.370317963702527,1,1.006775150445338
5.495408738576245,1,1.0066087617217723
5.62341325190349,1,1.0064424279869149
5.7543993733715695,1,1.006276149213511
5.88843655355589,1,1.0061099253743242
6.025595860743578,1,1.0059437564421354
6.165950018614822,1,1.0057776423897438
6.309573444801933,1,1.0056115831899666
6.4565422903465555,1,1.005445578815639
6.606934480075961,1,1.005279629239614
6.760829753919819,1,1.0051137344347625
6.918309709189364,1,1.0049478943739734
7.079457843841379,1,1.0047821090301536
7.244359600749901,1,1.0046163783762276
7.413102413009175,1,1.0044507023851381
7.5857757502918375,1,1.0042850810298452
7.762471166286917,1,1.0041195142833272
7.943282347242816,1,1.00395400211858
8.128305161640993,1,1.0037885445086177
8.31763771102671,1,1.0036231414264714
8.511380382023766,1,1.0034577928451907
8.709635899560807,1,1.0032924987378427
8.912509381337456,1,1.0031272590775124
9.120108393559097,1,1.0029620738373022
9.33254300796991,1,1.0027969429903325
9.549925860214358,1,1.0026318665097411
9.772372209558107,1,1.002466844368684
10.0,1,1.0023018765403342
10.232929922807541,1,1.002136962997883
10.471285480508996,1,1.001972103714539
10.715193052376065,1,1.0018072986635282
10.964781961431852,1,1.001642547818095
11.220184543019636,1,1.0014778511515003
11.481536214968829,1,1.0013132086370238
11.748975549395297,1,1.0011486202479616
12.02264434617413,1,1.000984085957628
12.302687708123818,1,1.0008196057393548
12.589254117941675,1,1.0006551795664915
12.882495516931343,1,1.0004908074124046
13.182567385564074,1,1.0003264892504782
13.48962882591654,1,1.0001622250541145
13.803842646028853,1,0.9999980147967323
14.125375446227547,1,0.9998338584517685
14.454397707459272,1,0.9996697559926772
14.791083881682072,1,0.9995057073929298
15.13561248436208,1,0.9993417126260153
15.488166189124811,1,0.9991777716654402
15.848931924611133,1,0.999013884484728
16.218100973589298,1,0.99885005105742
16.595869074375607,1,0.9986862713570744
16.98243652461744,1,0.9985225453572671
17.378008287493753,1,0.9983588730315913
17.78279410038923,1,0.9981952543536573
18.197008586099834,1,0.9980316892970928
18.620871366628673,1,0.997868177835543
19.054607179632473,1,0.99770471994267
19.498445997580454,1,0.9975413155921532
19.952623149688797,1,0.9973779647576897
20.417379446695296,1,0.9972146674129931
20.892961308540396,1,0.997051423531795
21.379620895022324,1,0.9968882330878435
21.87761623949553,1,0.9967250960549042
22.3872113856834,1,0.99656201240676
22.908676527677734,1,0.9963989821172108
23.442288153199225,1,0.9962360051600735
23.98832919019491,1,0.9960730815091824
24.547089156850312,1,0.9959102111383888
25.11886431509581,1,0.995747394021561
25.703957827688633,1,0.9955846301325846
26.302679918953814,1,0.9954219194453621
26.915348039269155,1,0.995259261933813
27.542287033381662,1,0.995096657571874
28.183829312644534,1,0.994934106333499
28.84031503126606,1,0.9947716081926584
29.512092266663856,1,0.99460916312334
30.19951720402016,1,0.9944467710995486
30.902954325135905,1,0.9942844320953057
31.622776601683793,1,0.99412214608465
32.359365692962825,1,0.993959913041637
33.11311214825911,1,0.9937977329403394
33.884415613920254,1,0.9936356057548463
34.673685045253166,1,0.9934735314592644
35.48133892335755,1,0.9933115100277164
36.30780547701014,1,0.993149541434343
37.15352290971726,1,0.9929876256533009
38.018939632056124,1,0.9928257626587639
38.90451449942807,1,0.9926639524249226
39.810717055349734,1,0.9925021949259845
40.73802778041128,1,0.9923404901361739
41.68693834703355,1,0.9921788380297318
42.657951880159274,1,0.9920172385809163
43.65158322401661,1,0.9918556917640018
44.668359215096324,1,0.9916941975532797
45.708818961487516,1,0.9915327559230581
46.77351412871981,1,0.991371366847662
47.86300923226383,1,0.9912100303014328
48.97788193684461,1,0.9910487462587289
50.11872336272722,1,0.990887514693925
51.28613839913648,1,0.990726335581413
52.48074602497726,1,0.9905652088956011
53.70317963702527,1,0.9904041346109141
54.954087385762456,1,0.9902431127017937
56.23413251903491,1,0.990082143142698
57.543993733715695,1,0.9899212259081018
58.8843655355589,1,0.9897603609724965
60.25595860743578,1,0.98959954831039
61.65950018614822,1,0.9894387878963069
63.09573444801933,1,0.9892780797047881
64.56542290346556,1,0.9891174237103915
66.06934480075961,1,0.9889568198876908
67.60829753919819,1,0.9887962682112771
69.18309709189366,1,0.9886357686557572
70.79457843841381,1,0.9884753211957549
72.44359600749902,1,0.9883149258059102
74.13102413009177,1,0.9881545824608796
75.8577575029184,1,0.9879942911353363
77.62471166286919,1,0.9878340518039697
79.43282347242817,1,0.9876738644414853
81.28305161640995,1,0.9875137290226057
83.17637711026708,1,0.9873536455220695
85.11380382023764,1,0.9871936139146316
87.09635899560806,1,0.9870336341750634
89.12509381337455,1,0.9868737062781527
91.20108393559097,1,0.9867138301987035
93.3254300796991,1,0.9865540059115362
95.49925860214358,1,0.9863942333914876
97.72372209558107,1,0.9862345126134106
100.0,1,0.9860748435521745
1.0,2,1.0385075690587888
1.023292992280754,2,1.0381601399472844
1.0471285480508996,2,1.0378128851534307
1.0715193052376064,2,1.0374658045606313
1.096478196143185,2,1.0371188980523884
1.1220184543019633,2,1.036772165512301
1.1481536214968828,2,1.0364256068240658
1.1748975549395295,2,1.0360792218714756
1.202264434617413,2,1.0357330105384221
1.2302687708123814,2,1.035386972708892
1.2589254117941673,2,1.03504110826697
1.288249551693134,2,1.0346954170968377
1.318256738556407,2,1.0343498990827726
1.3489628825916535,2,1.0340045541091498
1.3803842646028848,2,1.0336593820604403
1.4125375446227544,2,1.033314382821211
1.4454397707459274,2,1.0329695562761259
1.4791083881682074,2,1.0326249023099452
1.5135612484362082,2,1.0322804208075254
1.5488166189124812,2,1.0319361116538173
1.5848931924611136,2,1.0315919747338702
1.62181009735893,2,1.0312480099328272
1.6595869074375607,2,1.0309042171359282
1.6982436524617444,2,1.030560596228508
1.7378008287493754,2,1.0302171470959978
1.7782794100389228,2,1.0298738696239236
1.8197008586099834,2,1.0295307636979067
1.8620871366628675,2,1.029187829203664
1.9054607179632472,2,1.0288450660270076
1.9498445997580451,2,1.028502474053844
1.9952623149688795,2,1.0281600531701756
2.041737944669529,2,1.0278178032620986
2.0892961308540396,2,1.0274757242158055
2.137962089502232,2,1.0271338159175818
2.1877616239495525,2,1.0267920782538085
2.23872113856834,2,1.0264505111109603
2.290867652767773,2,1.0261091143756083
2.344228815319922,2,1.0257678879344154
2.3988329190194904,2,1.0254268316741406
2.4547089156850306,2,1.0250859454816357
2.51188643150958,2,1.0247452292438473
2.570395782768864,2,1.024404682847815
2.6302679918953817,2,1.0240643061806738
2.6915348039269156,2,1.0237240991296512
2.7542287033381663,2,1.0233840615820688
2.8183829312644537,2,1.0230441934253416
2.884031503126606,2,1.022704494546978
2.951209226666386,2,1.02236496483458
3.019951720402016,2,1.0220256041758429
3.0902954325135905,2,1.021686412458555
3.1622776601683795,2,1.0213473895705971
3.2359365692962827,2,1.0210085353999443
3.311311214825911,2,1.0206698498346634
3.3884415613920256,2,1.0203313327629153
3.4673685045253166,2,1.019992984072952
3.548133892335755,2,1.0196548036531194
3.630780547701014,2,1.019316791391855
3.715352290971726,2,1.0189789471776902
3.8018939632056115,2,1.018641270899247
3.890451449942806,2,1.0183037624452407
3.9810717055349722,2,1.0179664217044782
4.073802778041127,2,1.0176292485658591
4.168693834703354,2,1.017292242918375
4.265795188015926,2,1.0169554046511085
4.36515832240166,2,1.0166187336532344
4.466835921509632,2,1.0162822298140202
4.570881896148751,2,1.0159458930228231
4.677351412871983,2,1.015609723169094
4.786300923226384,2,1.0152737201423734
4.8977881936844625,2,1.014937883832294
5.011872336272724,2,1.0146022141285793
5.1286138399136485,2,1.0142667109210453
5.248074602497725,2,1.0139313740995974
5.370317963702527,2,1.0135962035542327
5.495408738576245,2,1.0132611991750398
5.62341325190349,2,1.0129263608521963
5.7543993733715695,2,1.0125916884759723
5.88843655355589,2,1.0122571819367283
6.025595860743578,2,1.0119228411249142
6.165950018614822,2,1.0115886659310713
6.309573444801933,2,1.011254656245831
6.4565422903465555,2,1.0109208119599151
6.606934480075961,2,1.0105871329641358
6.760829753919819,2,1.0102536191493943
6.918309709189364,2,1.0099202704066828
7.079457843841379,2,1.0095870866270835
7.244359600749901,2,1.0092540677017678
7.413102413009175,2,1.0089212135219974
7.5857757502918375,2,1.0085885239791226
7.762471166286917,2,1.008255998964585
7.943282347242816,2,1.0079236383699137
8.128305161640993,2,1.0075914420867291
8.31763771102671,2,1.007259410006739
8.511380382023766,2,1.0069275420217416
8.709635899560807,2,1.006595838023624
8.912509381337456,2,1.0062642979043628
9.120108393559097,2,1.005932921556022
9.33254300796991,2,1.0056017088707563
9.549925860214358,2,1.0052706597408074
9.772372209558107,2,1.004939774058507
10.0,2,1.0046090517162753
10.232929922807541,2,1.0042784926066202
10.471285480508996,2,1.003948096622139
10.715193052376065,2,1.0036178636555158
10.964781961431852,2,1.0032877935995248
11.220184543019636,2,1.0029578863470268
11.481536214968829,2,1.002628141790972
11.748975549395297,2,1.0022985598243972
12.02264434617413,2,1.001969140340428
12.302687708123818,2,1.0016398832322775
12.589254117941675,2,1.0013107883932475
12.882495516931343,2,1.0009818557167252
13.182567385564074,2,1.000653085096187
13.48962882591654,2,1.000324476425197
13.803842646028853,2,0.9999960295974057
14.125375446227547,2,0.9996677445065512
14.454397707459272,2,0.9993396210464587
14.791083881682072,2,0.999011659111041
15.13561248436208,2,0.9986838585942974
15.488166189124811,2,0.9983562193903145
15.848931924611133,2,0.9980287413932656
16.218100973589298,2,0.9977014244974105
16.595869074375607,2,0.9973742685970961
16.98243652461744,2,0.9970472735867556
17.378008287493753,2,0.996720439360909
17.78279410038923,2,0.9963937658141626
18.197008586099834,2,0.9960672528412089
18.620871366628673,2,0.9957409003368269
19.054607179632473,2,0.9954147081958815
19.498445997580454,2,0.9950886763133238
19.952623149688797,2,0.9947628045841913
20.417379446695296,2,0.9944370929036065
20.892961308540396,2,0.9941115411667788
21.379620895022324,2,0.9937861492690025
21.87761623949553,2,0.9934609171056581
22.3872113856834,2,0.9931358445722113
22.908676527677734,2,0.9928109315642137
23.442288153199225,2,0.992486177977302
23.98832919019491,2,0.9921615837071983
24.547089156850312,2,0.9918371486497103
25.11886431509581,2,0.9915128727007299
25.703957827688633,2,0.9911887557562352
26.302679918953814,2,0.9908647977122889
26.915348039269155,2,0.9905409984650382
27.542287033381662,2,0.9902173579107155
28.183829312644534,2,0.9898938759456383
28.84031503126606,2,0.989570552466208
29.512092266663856,2,0.9892473873689108
30.19951720402016,2,0.9889243805503181
30.902954325135905,2,0.9886015319070846
31.622776601683793,2,0.9882788413359502
32.359365692962825,2,0.9879563087337386
33.11311214825911,2,0.9876339339973581
33.884415613920254,2,0.9873117170238004
34.673685045253166,2,0.986989657710142
35.48133892335755,2,0.9866677559535423
36.30780547701014,2,0.9863460116512457
37.15352290971726,2,0.98602442470058
38.018939632056124,2,0.9857029949989562
38.90451449942807,2,0.9853817224438689
39.810717055349734,2,0.9850606069328969
40.73802778041128,2,0.9847396483637018
41.68693834703355,2,0.9844188466340288
42.657951880159274,2,0.9840982016417066
43.65158322401661,2,0.9837777132846466
44.668359215096324,2,0.9834573814608434
45.708818961487516,2,0.9831372060683747
46.77351412871981,2,0.9828171870054017
47.86300923226383,2,0.9824973241701674
48.97788193684461,2,0.9821776174609983
50.11872336272722,2,0.9818580667763034
51.28613839913648,2,0.9815386720145746
52.48074602497726,2,0.9812194330743857
53.70317963702527,2,0.9809003498543938
54.954087385762456,2,0.9805814222533372
56.23413251903491,2,0.980262650170038
57.543993733715695,2,0.9799440335033992
58.8843655355589,2,0.9796255721524066
60.25595860743578,2,0.9793072660161278
61.65950018614822,2,0.978989114993713
63.09573444801933,2,0.9786711189843931
64.56542290346556,2,0.978353277887482
66.06934480075961,2,0.9780355916023745
67.60829753919819,2,0.9777180600285478
69.18309709189366,2,0.9774006830655598
70.79457843841381,2,0.9770834606130507
72.44359600749902,2,0.9767663925707417
74.13102413009177,2,0.9764494788384354
75.8577575029184,2,0.9761327193160158
77.62471166286919,2,0.9758161139034478
79.43282347242817,2,0.9754996625007775
81.28305161640995,2,0.9751833650081323
83.17637711026708,2,0.9748672213257205
85.11380382023764,2,0.9745512313538306
87.09635899560806,2,0.9742353949928328
89.12509381337455,2,0.9739197121431777
91.20108393559097,2,0.973604182705396
93.3254300796991,2,0.9732888065800994
95.49925860214358,2,0.9729735836679805
97.72372209558107,2,0.9726585138698115
100.0,2,0.9723435970864454
1.0,3,1.0583138977118975
1.023292992280754,3,1.0577828592570917
1.0471285480508996,3,1.057252176027304
1.0715193052376064,3,1.0567218477255593
1.096478196143185,3,1.0561918740551817
1.1220184543019633,3,1.0556622547197931
1.1481536214968828,3,1.0551329894233121
1.1748975549395295,3,1.0546040778699528
1.202264434617413,3,1.0540755197642289
1.2302687708123814,3,1.0535473148109469
1.2589254117941673,3,1.053019462715211
1.288249551693134,3,1.0524919631824208
1.318256738556407,3,1.0519648159182702
1.3489628825916535,3,1.0514380206287492
1.3803842646028848,3,1.0509115770201405
1.4125375446227544,3,1.0503854847990217
1.4454397707459274,3,1.0498597436722643
1.4791083881682074,3,1.0493343533470332
1.5135612484362082,3,1.0488093135307868
1.5488166189124812,3,1.0482846239312735
1.5848931924611136,3,1.0477602842565388
1.62181009735893,3,1.0472362942149156
1.6595869074375607,3,1.0467126535150313
1.6982436524617444,3,1.046189361865803
1.7378008287493754,3,1.0456664189764402
1.7782794100389228,3,1.0451438245564428
1.8197008586099834,3,1.0446215783156
1.8620871366628675,3,1.0440996799639914
1.9054607179632472,3,1.0435781292119874
1.9498445997580451,3,1.0430569257702458
1.9952623149688795,3,1.0425360693497152
2.041737944669529,3,1.0420155596616307
2.0892961308540396,3,1.0414953964175186
2.137962089502232,3,1.0409755793291904
2.1877616239495525,3,1.0404561081087467
2.23872113856834,3,1.0399369824685742
2.290867652767773,3,1.0394182021213487
2.344228815319922,3,1.038899766780031
2.3988329190194904,3,1.0383816761578684
2.4547089156850306,3,1.0378639299683943
2.51188643150958,3,1.0373465279254273
2.570395782768864,3,1.0368294697430716
2.6302679918953817,3,1.0363127551357167
2.6915348039269156,3,1.0357963838180366
2.7542287033381663,3,1.0352803555049894
2.8183829312644537,3,1.0347646699118171
2.884031503126606,3,1.0342493267540458
2.951209226666386,3,1.0337343257474838
3.019951720402016,3,1.033219666608224
3.0902954325135905,3,1.0327053490526408
3.1622776601683795,3,1.0321913727973906
3.2359365692962827,3,1.0316777375594133
3.311311214825911,3,1.0311644430559284
3.3884415613920256,3,1.0306514890044396
3.4673685045253166,3,1.0301388751227285
3.548133892335755,3,1.0296266011288593
3.630780547701014,3,1.0291146667411757
3.715352290971726,3,1.0286030716783026
3.8018939632056115,3,1.0280918156591428
3.890451449942806,3,1.0275808984028805
3.9810717055349722,3,1.0270703196289765
4.073802778041127,3,1.0265600790571732
4.168693834703354,3,1.0260501764074899
4.265795188015926,3,1.0255406114002232
4.36515832240166,3,1.0250313837559486
4.466835921509632,3,1.0245224931955197
4.570881896148751,3,1.0240139394400651
4.677351412871983,3,1.0235057222109927
4.786300923226384,3,1.0229978412299845
4.8977881936844625,3,1.0224902962190003
5.011872336272724,3,1.0219830869002746
5.1286138399136485,3,1.0214762129963193
5.248074602497725,3,1.0209696742299197
5.370317963702527,3,1.0204634703241362
5.495408738576245,3,1.0199576010023048
5.62341325190349,3,1.0194520659880344
5.7543993733715695,3,1.0189468650052087
5.88843655355589,3,1.0184419977779853
6.025595860743578,3,1.0179374640307943
6.165950018614822,3,1.017433263488339
6.309573444801933,3,1.0169293958755956
6.4565422903465555,3,1.0164258609178125
6.606934480075961,3,1.015922658340511
6.760829753919819,3,1.015419787869482
6.918309709189364,3,1.0149172492307896
7.079457843841379,3,1.0144150421507694
7.244359600749901,3,1.013913166356026
7.413102413009175,3,1.0134116215734361
7.5857757502918375,3,1.0129104075301452
7.762471166286917,3,1.01240952395357
7.943282347242816,3,1.0119089705713953
8.128305161640993,3,1.011408747111577
8.31763771102671,3,1.0109088533023374
8.511380382023766,3,1.0104092888721699
8.709635899560807,3,1.0099100535498344
8.912509381337456,3,1.0094111470643607
9.120108393559097,3,1.008912569145044
9.33254300796991,3,1.0084143195214486
9.549925860214358,3,1.0079163979234045
9.772372209558107,3,1.00741880408101
10.0,3,1.0069215377246283
10.232929922807541,3,1.00642459858489
10.471285480508996,3,1.005927986392692
10.715193052376065,3,1.0054317008791933
10.964781961431852,3,1.0049357417758231
11.220184543019636,3,1.004440108814271
11.481536214968829,3,1.003944801726495
11.748975549395297,3,1.0034498202447142
12.02264434617413,3,1.0029551641014136
12.302687708123818,3,1.0024608330293414
12.589254117941675,3,1.00196682676151
12.882495516931343,3,1.0014731450311936
13.182567385564074,3,1.0009797875719288
13.48962882591654,3,1.000486754117517
13.803842646028853,3,0.9999940444020201
14.125375446227547,3,0.9995016581597618
14.454397707459272,3,0.9990095951253278
14.791083881682072,3,0.9985178550335654
15.13561248436208,3,0.9980264376195825
15.488166189124811,3,0.9975353426187478
15.848931924611133,3,0.9970445697666903
16.218100973589298,3,0.9965541187992991
16.595869074375607,3,0.9960639894527232
16.98243652461744,3,0.9955741814633707
17.378008287493753,3,0.9950846945679097
17.78279410038923,3,0.9945955285032665
18.197008586099834,3,0.9941066830066262
18.620871366628673,3,0.9936181578154326
19.054607179632473,3,0.9931299526673865
19.498445997580454,3,0.9926420673004472
19.952623149688797,3,0.9921545014528321
20.417379446695296,3,0.9916672548630138
20.892961308540396,3,0.9911803272697234
21.379620895022324,3,0.9906937184119478
21.87761623949553,3,0.9902074280289302
22.3872113856834,3,0.9897214558601701
22.908676527677734,3,0.9892358016454224
23.442288153199225,3,0.988750465124697
23.98832919019491,3,0.9882654460382596
24.547089156850312,3,0.9877807441266305
25.11886431509581,3,0.9872963591305834
25.703957827688633,3,0.9868122907911482
26.302679918953814,3,0.986328538849607
26.915348039269155,3,0.9858451030474961
27.542287033381662,3,0.9853619831266052
28.183829312644534,3,0.9848791788289771
28.84031503126606,3,0.9843966898969071
29.512092266663856,3,0.9839145160729429
30.19951720402016,3,0.983432657099885
30.902954325135905,3,0.9829511127207848
31.622776601683793,3,0.9824698826789461
32.359365692962825,3,0.9819889667179235
33.11311214825911,3,0.9815083645815231
33.884415613920254,3,0.9810280760138014
34.673685045253166,3,0.9805481007590654
35.48133892335755,3,0.9800684385618714
36.30780547701014,3,0.9795890891670278
37.15352290971726,3,0.9791100523195909
38.018939632056124,3,0.9786313277648664
38.90451449942807,3,0.978152915248409
39.810717055349734,3,0.9776748145160226
40.73802778041128,3,0.9771970253137593
41.68693834703355,3,0.9767195473879196
42.657951880159274,3,0.9762423804850515
43.65158322401661,3,0.9757655243519509
44.668359215096324,3,0.9752889787356607
45.708818961487516,3,0.9748127433834711
46.77351412871981,3,0.9743368180429193
47.86300923226383,3,0.9738612024617883
48.97788193684461,3,0.9733858963881078
50.11872336272722,3,0.9729108995701531
51.28613839913648,3,0.9724362117564458
52.48074602497726,3,0.9719618326957522
53.70317963702527,3,0.9714877621370838
54.954087385762456,3,0.9710139998296965
56.23413251903491,3,0.9705405455230921
57.543993733715695,3,0.9700673989670149
58.8843655355589,3,0.9695945599114545
60.25595860743578,3,0.969122028106643
61.65950018614822,3,0.9686498033030576
63.09573444801933,3,0.9681778852514166
64.56542290346556,3,0.9677062737026829
66.06934480075961,3,0.9672349684080606
67.60829753919819,3,0.9667639691189974
69.18309709189366,3,0.9662932755871819
70.79457843841381,3,0.965822887564545
72.44359600749902,3,0.9653528048032591
74.13102413009177,3,0.9648830270557376
75.8577575029184,3,0.9644135540746351
77.62471166286919,3,0.9639443856128468
79.43282347242817,3,0.9634755214235076
81.28305161640995,3,0.9630069612599935
83.17637711026708,3,0.9625387048759203
85.11380382023764,3,0.9620707520251423
87.09635899560806,3,0.9616031024617542
89.12509381337455,3,0.9611357559400894
91.20108393559097,3,0.9606687122147195
93.3254300796991,3,0.9602019710404553
95.49925860214358,3,0.959735532172346
97.72372209558107,3,0.9592693953656777
100.0,3,0.9588035603759751
